production_ton,scenario_count,annual_days,annual_total_cost_yuan,annual_total_production_ton,annual_avg_ton_cost_yuan_per_ton,all_satisfied_scenarios,partially_satisfied_scenarios,none_satisfied_scenarios,all_satisfied_days,partially_satisfied_days,none_satisfied_days,mean_grid_purchase_mwh,mean_grid_export_mwh,mean_renewable_self_use_ratio,mean_green_power_ratio,mean_renewable_export_ratio
72.0,24,360,187374817.7385,25920.0,7228.966733738426,18,6,0,270,90,0,614.2966583333333,33.55199166666667,0.9562781576700136,0.418676036856184,0.0437218423299864
63.0,24,360,149147857.20749998,22680.0,6576.184180224867,14,10,0,210,150,0,509.617025,53.37235833333333,0.913000675270947,0.45332965930788865,0.0869993247290531
54.0,24,360,116083703.463,19440.0,5971.383922993828,14,10,0,210,150,0,417.36071666666663,85.61605000000002,0.8369997009026141,0.4832854000561251,0.16300029909738595
45.0,24,360,86903120.2245,16200.0,5364.390137314815,1,23,0,15,345,0,355.4930416666666,148.248375,0.7114157738612734,0.47967998350946006,0.28858422613872664
36.0,24,360,59439941.061,12960.0,4586.415205324074,0,24,0,0,360,0,297.9932,215.2485333333333,0.5874703635131286,0.4666502004581901,0.41252963648687135
