satisfaction_type,scenario_count,annual_days,representative_production_ton,annual_production_ton,annual_total_cost_yuan,weighted_avg_ton_cost_yuan_per_ton,mean_grid_purchase_mwh,mean_grid_export_mwh,mean_renewable_self_use_pct,mean_green_power_pct,mean_renewable_export_pct,mean_on_hours,mean_mean_running_power_ratio
全满足,10,150,36.0,5400.0,29685808.553,5497.371954259259,262.12728000000004,15.906880000000006,95.72043838148545,53.08432130584193,4.279561618514547,21.9,0.5541723874904653
部分满足,14,210,36.0,7560.0,25828387.957,3416.453433465608,243.50091428571426,277.52462857142854,57.995387911212,56.41807805596467,42.004612088788,13.642857142857142,0.8978299011912457
合计,24,360,,12960.0,55514196.51,4283.50281712963,252.81409714285715,146.71575428571427,76.85791314634872,54.7511996809033,23.142086853651275,17.771428571428572,0.7260011443408555
