production_ton,q2_annual_avg_ton_cost_yuan_per_ton,q2_all_satisfied_days,q2_partially_satisfied_days,q2_none_satisfied_days,q2_mean_grid_purchase_mwh,q2_mean_grid_export_mwh,q2_mean_renewable_self_use_ratio,q2_mean_green_power_ratio,q2_mean_renewable_export_ratio,q3_annual_avg_ton_cost_yuan_per_ton,q3_all_satisfied_days,q3_partially_satisfied_days,q3_none_satisfied_days,q3_mean_grid_purchase_mwh,q3_mean_grid_export_mwh,q3_mean_renewable_self_use_ratio,q3_mean_green_power_ratio,q3_mean_renewable_export_ratio,cost_reduction_yuan_per_ton,cost_reduction_ratio,grid_purchase_reduction_mwh,grid_export_reduction_mwh,all_satisfied_days_change
72.0,7228.966733738426,270,90,0,614.2966583333333,33.55199166666667,0.9562781576700136,0.418676036856184,0.0437218423299864,7228.966733738426,270,90,0,614.2966583333333,33.55199166666666,0.9562781576700136,0.418676036856184,0.0437218423299864,0.0,0.0,0.0,1.4210854715202004e-14,0
63.0,6576.184180224867,210,150,0,509.617025,53.37235833333333,0.913000675270947,0.4533296593078886,0.0869993247290531,6465.628493320106,300,60,0,489.8949916666667,33.650325,0.9561450752011128,0.4744856453769854,0.04385492479888706,110.55568690476139,0.016811525327592183,19.722033333333286,19.72203333333333,90
54.0,5971.383922993828,210,150,0,417.3607166666666,85.61605000000002,0.8369997009026141,0.4832854000561251,0.1630002990973859,5720.348307484568,240,120,0,380.533525,48.7888583333333,0.9365488932043556,0.5288794074679345,0.06345110679564436,251.03561550925951,0.04203977147451603,36.82719166666658,36.827191666666714,30
45.0,5364.390137314815,15,345,0,355.4930416666666,148.248375,0.7114157738612734,0.47967998350946,0.2885842261387266,5071.566720092593,240,120,0,303.2732583333333,96.02859166666663,0.8656679202747979,0.5561118551369496,0.1343320797252022,292.8234172222219,0.054586525164405146,52.21978333333334,52.21978333333338,225
36.0,4586.415205324074,0,360,0,297.9932,215.2485333333333,0.5874703635131286,0.4666502004581901,0.4125296364868713,4283.502817129629,150,210,0,251.26189999999994,168.51723333333328,0.737141589404926,0.5502901274341353,0.262858410595074,302.91238819444516,0.06604556601042437,46.73130000000006,46.73130000000003,150
