production_ton,q2_annual_avg_ton_cost_yuan_per_ton,q2_mean_grid_purchase_mwh,q2_mean_grid_export_mwh,q2_mean_renewable_self_use_pct,q2_mean_green_power_pct,q2_mean_renewable_export_pct,q3_annual_avg_ton_cost_yuan_per_ton,q3_mean_grid_purchase_mwh,q3_mean_grid_export_mwh,q3_mean_renewable_self_use_pct,q3_mean_green_power_pct,q3_mean_renewable_export_pct,delta_annual_avg_ton_cost_yuan_per_ton,delta_mean_grid_purchase_mwh,delta_mean_grid_export_mwh,delta_mean_renewable_self_use_pct,delta_mean_green_power_pct,delta_mean_renewable_export_pct
36.0,4586.415205324074,297.9932,215.2485333333333,58.747036351312865,46.66502004581901,41.25296364868713,4283.502817129629,251.26189999999997,168.51723333333328,73.71415894049261,55.02901274341353,26.285841059507398,-302.91238819444516,-46.73130000000003,-46.73130000000003,14.967122589179745,8.363992697594519,-14.96712258917973
45.0,5364.390137314815,355.4930416666666,148.248375,71.14157738612734,47.967998350946,28.85842261387266,5071.566720092593,303.2732583333333,96.02859166666664,86.56679202747979,55.61118551369496,13.43320797252022,-292.8234172222219,-52.21978333333334,-52.21978333333337,15.425214641352454,7.643187162748966,-15.425214641352438
54.0,5971.383922993828,417.3607166666666,85.61605000000002,83.69997009026142,48.32854000561251,16.30002990973859,5720.348307484568,380.533525,48.7888583333333,93.65488932043556,52.88794074679345,6.34511067956443,-251.03561550925951,-36.82719166666658,-36.827191666666714,9.954919230174141,4.559400741180937,-9.954919230174161
63.0,6576.184180224867,509.617025,53.37235833333333,91.3000675270947,45.33296593078886,8.69993247290531,6465.628493320106,489.8949916666667,33.650325,95.61450752011127,47.44856453769854,4.3854924798887005,-110.55568690476139,-19.722033333333286,-19.72203333333333,4.3144399930165775,2.1155986069096784,-4.3144399930166095
72.0,7228.966733738426,614.2966583333333,33.55199166666667,95.62781576700135,41.8676036856184,4.372184232998641,7228.966733738426,614.2966583333333,33.55199166666666,95.62781576700135,41.8676036856184,4.372184232998641,0.0,0.0,-1.4210854715202004e-14,0.0,0.0,0.0
