mode,annual_cost_yuan,annual_production_ton,ton_cost_yuan_per_ton,annual_capacity_utilization_pct,mean_daily_production_ton,mean_ton_cost_yuan_per_ton,all_satisfied_days,partially_satisfied_days,none_satisfied_days
offgrid_with_storage,50035660.420594305,10553.920885618583,4740.954661577571,40.717287367355645,29.316446904496072,5092.673012461938,360,0,0
grid_connected_same_production,38225522.88972068,10553.920885618583,3621.9262304504396,40.717287367355645,29.316446904496072,3771.0277162206125,0,360,0
