case_name,recommended_capacity_mwh,recommended_interval_lower_mwh,recommended_interval_upper_mwh,technical_saturation_capacity_mwh,recommended_annual_ton_cost_yuan_per_ton,recommended_annual_production_ton,recommended_capacity_utilization_rate,recommended_total_curtailment_mwh,recommended_production_gain_ton,recommended_curtailment_reduction_mwh,unserved_penalty_multiplier,production_reward_multiplier,curtailment_penalty_multiplier,capacity_deviation_from_base_mwh,same_as_base_recommendation,within_baseline_consensus_interval
base,115.0,110.0,115.0,150.0,4740.954661577571,10553.920885618583,0.4071728736735565,1224.934432240323,772.3634880282225,12963.733567759682,1.0,1.0,1.0,0.0,True,True
unserved_penalty_0p5,115.0,110.0,115.0,150.0,4740.954661577571,10553.920885618583,0.4071728736735565,1224.934432240323,772.3634880282225,12963.733567759682,0.5,1.0,1.0,0.0,True,True
unserved_penalty_2p0,115.0,110.0,115.0,150.0,4740.954661577571,10553.920885618583,0.4071728736735565,1224.934432240323,772.3634880282225,12963.733567759682,2.0,1.0,1.0,0.0,True,True
production_reward_0p8,115.0,110.0,115.0,150.0,4740.954661577571,10553.920885618583,0.4071728736735565,1224.934432240323,772.3634880282225,12963.733567759682,1.0,0.8,1.0,0.0,True,True
production_reward_1p2,115.0,110.0,115.0,150.0,4740.954661577571,10553.920885618583,0.4071728736735565,1224.934432240323,772.3634880282225,12963.733567759682,1.0,1.2,1.0,0.0,True,True
curtailment_penalty_0p5,115.0,110.0,115.0,150.0,4740.954661577571,10553.920885618583,0.4071728736735565,1224.934432240323,772.3634880282225,12963.733567759682,1.0,1.0,0.5,0.0,True,True
curtailment_penalty_2p0,115.0,110.0,115.0,150.0,4740.954661577571,10553.920885618583,0.4071728736735565,1224.934432240323,772.3634880282225,12963.733567759682,1.0,1.0,2.0,0.0,True,True
