production_ton,annual_days,annual_total_cost_yuan,annual_total_production_ton,annual_avg_ton_cost_yuan_per_ton,all_satisfied_scenarios,partially_satisfied_scenarios,none_satisfied_scenarios,all_satisfied_days,partially_satisfied_days,none_satisfied_days,mean_grid_purchase_mwh,mean_grid_export_mwh,mean_renewable_self_use_pct,mean_green_power_pct,mean_renewable_export_pct,mean_on_hours,mean_running_power_ratio,mean_avg_power_ratio
72.0,360,187374817.7385,25920.0,7228.966733738426,18,6,0,270,90,0,614.2966583333333,33.55199166666666,95.62781576700135,41.8676036856184,4.372184232998641,24.0,1.0,1.0
63.0,360,146640454.2285,22680.0,6465.628493320106,20,4,0,300,60,0,489.8949916666667,33.650325,95.61450752011127,47.44856453769854,4.3854924798887005,23.916666666666668,0.8781702898550724,0.875
54.0,360,111203571.0975,19440.0,5720.348307484568,16,8,0,240,120,0,380.533525,48.7888583333333,93.65488932043556,52.88794074679345,6.34511067956443,22.58333333333333,0.8042854171000623,0.75
45.0,360,82159380.8655,16200.0,5071.566720092593,16,8,0,240,120,0,303.2732583333333,96.02859166666664,86.56679202747979,55.61118551369496,13.43320797252022,20.541666666666668,0.7547552572360335,0.6249999999999999
36.0,360,55514196.50999999,12960.0,4283.502817129629,10,14,0,150,210,0,251.26189999999997,168.51723333333328,73.71415894049261,55.02901274341353,26.285841059507398,17.083333333333332,0.7546392704825872,0.4999999999999999
